d_name,d_phone_nb,d_license,d_idcard,gender,d_birthdate
凤,611-440-0539,8086828,138763799-1,Male,03.09.1964
邱,914-984-6628,1407280,329543300-3,Male,26.02.1968
毛,396-347-1605,4321749,940049540-4,Female,04.08.1985
咸,299-428-6600,3863431,162535529-7,Female,17.08.1987
隆,868-896-4457,1507147,564142773-X,Male,13.08.1986
耿,165-348-6864,5322431,989497274-8,Female,01.01.1972
聂,256-528-3377,8495890,194729296-X,Female,13.04.1973
齐,381-673-1014,1302023,743688815-3,Female,28.02.1964
扈,778-589-8987,8710312,512711217-5,Female,14.02.1982
金,641-515-8234,6740252,572652755-0,Female,27.08.1965
权,984-487-6445,9963247,020935751-7,Female,30.08.1970
柏,396-266-8184,4662584,696587022-2,Male,08.09.1990
能,367-568-9987,5308841,066761955-0,Female,26.08.1967
方,252-110-5951,7018762,228474750-7,Male,21.11.1989
刁,659-666-0730,5546987,466164022-5,Male,25.05.1960
汪,399-580-1708,4955422,656308149-5,Male,17.12.1982
仲,155-226-9679,9218326,924091060-3,Male,05.07.1994
宗,569-528-7657,7574850,381076051-X,Female,21.12.1991
须,768-295-3934,1857043,754967328-4,Male,12.11.1968
穆,782-262-6433,9087608,449484015-7,Male,12.08.1956
籍,565-897-6783,6915744,883158642-4,Female,13.11.1980
江,750-112-4107,7628747,553672784-2,Female,25.12.1976
锺,324-791-4510,2376281,243183733-5,Male,30.06.1973
古,808-968-7693,4728664,171036072-0,Male,25.07.1981
舒,200-315-6736,8893267,017713609-X,Female,11.11.1982
张,163-358-0264,8649087,111991666-6,Male,04.05.1982
龚,125-101-1255,6859709,178261247-5,Female,17.11.1979
彭,520-653-8243,1471558,741107953-7,Female,26.05.1960
越,248-359-8804,5309426,086923600-8,Male,22.12.1969
于,324-691-9143,3059958,061562349-2,Female,15.09.1966
鲁,520-187-0752,6758342,453580099-5,Male,29.03.1954
冯,693-546-3721,6833013,533818728-0,Female,05.07.1963
巢,162-116-4419,3500886,177356208-8,Female,07.04.1954
任,942-338-5162,7560867,047755958-1,Male,04.09.1992
沙,213-433-7210,3946696,068599659-X,Female,11.12.1987
濮,419-270-3074,3616492,993530845-6,Female,05.02.1989
慎,787-121-3980,7882028,758436826-3,Female,30.08.1993
巫,902-491-0026,3834104,897093751-X,Female,12.07.1967
阚,353-130-0780,8126480,961733927-7,Female,19.11.1985
江,253-691-3000,7814619,682804145-3,Female,05.05.1977
黄,222-222-5185,7848140,491506850-1,Male,05.11.1960
丁,286-722-8418,4696671,013278912-4,Male,18.08.1959
蓝,148-865-6549,5547257,598268476-7,Female,28.04.1973
娄,932-782-3574,4522534,157757884-8,Male,23.05.1980
丁,127-854-5662,4018772,730158803-8,Female,11.09.1951
元,350-403-3940,4358657,092756006-2,Male,30.07.1983
聂,270-136-3987,3718605,131816976-3,Male,30.10.1965
尹,321-611-3155,7658136,176134076-X,Male,13.06.1988
卜,982-755-3546,1009950,077819371-3,Female,08.12.1958
夏,462-508-3994,5489607,107274654-9,Male,01.09.1965
奚,621-165-2070,7123792,080077673-9,Female,19.06.1980
郗,180-488-6498,7344661,520563044-2,Male,18.10.1971
段,424-458-8352,8980693,378150084-5,Female,30.10.1975
米,721-938-4169,7889448,112343869-2,Female,31.07.1986
那,156-538-7837,4604885,961091373-3,Female,20.09.1968
鄂,862-976-6522,1853496,402475625-7,Male,04.04.1975
阮,972-658-7093,6411992,312853532-9,Female,30.03.1973
胥,528-624-3521,1230914,068737541-X,Female,12.12.1981
牛,601-563-7496,3097049,871667249-6,Male,06.05.1968
熊,413-568-3259,6175726,179808523-2,Male,14.11.1985
嵇,774-791-2179,2647171,203952932-2,Male,06.07.1964
安,715-861-2012,3274763,489246157-1,Female,16.08.1954
葛,198-321-7350,1092995,975121649-4,Female,28.09.1959
祝,329-988-8153,7951649,118389854-1,Male,04.02.1985
桓,408-496-5781,2709340,864463448-8,Male,27.10.1978
伍,375-770-8173,7622355,560285260-3,Female,02.07.1987
权,750-818-5318,8191009,845853455-X,Male,28.03.1985
谭,986-454-6733,3020941,892773927-2,Male,19.06.1974
臧,125-637-8295,8980285,159804278-5,Male,08.08.1951
鞠,501-295-0985,6954956,002786933-4,Female,28.08.1980
艾,768-172-4232,3591563,660016736-X,Female,05.11.1953
熊,201-446-6490,5351257,902354135-9,Female,18.12.1976
管,858-973-0501,5854121,499460399-5,Male,01.02.1963
逮,147-390-5226,6591240,501142621-1,Male,27.02.1983
唐,396-846-4407,2995267,163758071-1,Male,01.05.1993
靳,212-114-7918,2005548,782691504-X,Male,25.03.1981
籍,733-105-8887,9877575,346428755-6,Male,26.01.1951
郗,342-161-6122,7482801,950501031-1,Male,17.12.1965
花,798-831-7961,6647201,748658566-9,Female,07.08.1991
权,661-487-9515,8351395,720353048-5,Female,13.04.1958
蒲,420-825-8740,7802881,971821072-5,Male,07.12.1957
贲,998-992-5211,3998904,310532288-4,Female,17.08.1989
彭,100-180-4073,9986159,325578414-X,Male,10.03.1990
冉,479-162-0779,7144909,353646804-7,Female,17.08.1968
双,888-366-0369,6049937,589656572-0,Male,15.06.1976
韦,109-971-4259,7357093,915130909-2,Male,01.04.1984
武,559-538-8817,1210042,587127679-2,Male,20.03.1961
宰,430-215-8573,1229866,527347123-0,Female,15.06.1978
国,532-120-0617,7948433,052132669-9,Male,17.07.1961
芮,499-748-1238,2951911,269736356-4,Male,15.07.1968
厍,901-205-9313,2731958,954337083-4,Female,09.05.1995
匡,650-881-0894,2433949,927704923-5,Female,22.11.1959
耿,239-259-6253,2565192,276559753-7,Male,02.12.1966
韩,122-143-1413,6509109,481046319-2,Male,02.07.1969
杨,423-484-5782,3420253,535585096-0,Female,06.06.1954
麴,885-933-7925,3117322,056221228-0,Male,02.06.1988
曾,398-422-6117,2303005,710887523-3,Male,07.10.1967
黄,581-700-4607,8223691,940126434-1,Male,29.10.1968
贺,776-521-5232,3318286,614735175-3,Female,24.10.1990
徐,709-698-8299,9889126,711747850-0,Male,05.12.1978
干,565-183-1758,9744211,946207281-7,Male,17.11.1971
邢,507-667-3446,6480503,156010987-4,Female,14.08.1986
龙,121-333-2035,6192938,340541970-0,Male,23.03.1957
强,748-735-8534,9665445,760315640-8,Male,04.07.1966
花,139-911-3066,3129627,334644035-4,Female,01.03.1970
酆,587-880-6349,9388279,741141098-5,Female,02.02.1971
丁,966-459-4634,1475454,992131602-8,Male,03.08.1961
甄,198-563-8898,7927382,830749440-0,Female,05.03.1969
山,439-795-1003,8292002,932800854-9,Male,12.02.1985
宗,404-626-8099,3073691,962842478-5,Male,16.07.1954
宫,325-626-6933,3653757,919446890-7,Male,27.10.1957
顾,650-815-9462,1483490,108488327-9,Female,19.01.1972
锺,366-716-4353,7821904,247978609-9,Female,21.05.1962
段,107-261-1795,5764458,463834479-8,Male,21.11.1989
汲,223-357-5970,7599453,105453369-5,Female,13.02.1981
满,144-444-0498,8350977,416108978-3,Female,26.10.1965
浦,829-423-6804,8459744,392606105-7,Male,11.02.1956
戎,871-357-4992,5050142,126154282-7,Male,31.05.1950
包,415-773-2515,6577284,345804305-5,Female,20.04.1961
罗,654-526-4595,5966118,474566138-X,Male,05.07.1983
公,979-877-3391,1581619,007847139-7,Male,25.04.1963
左,476-942-0257,1380376,923894316-8,Female,10.05.1976
尤,738-127-0227,5915060,407446368-7,Male,30.12.1986
尹,290-294-5099,9878921,869272803-9,Male,02.01.1981
柯,363-304-6685,1127560,726642282-5,Male,08.01.1983
葛,577-681-1527,4340036,693259878-7,Female,24.10.1951
却,908-561-5279,9124414,271595997-4,Male,02.07.1976
逮,723-241-2828,7037251,791552277-9,Female,05.08.1993
居,147-167-6203,1366487,996337608-8,Female,28.08.1991
扈,894-483-3762,8922354,381260387-X,Female,01.02.1984
范,755-988-5595,5511641,452459229-6,Female,06.06.1993
羿,709-914-7508,2879511,689008877-8,Male,25.04.1953
庾,602-302-1447,7778984,428623198-4,Female,05.01.1986
师,772-585-9756,4712839,159253569-0,Female,23.03.1965
栾,609-326-8973,9968877,318403250-7,Male,16.03.1990
钮,557-676-2734,8948941,604080887-X,Male,17.12.1952
韶,396-283-7399,9313525,557951958-3,Male,10.04.1991
廉,890-544-9297,9749398,475870083-4,Male,19.07.1978
袁,734-476-3160,9266340,747949731-8,Male,13.09.1975
衡,733-429-7752,5305481,969667962-9,Male,15.01.1950
云,136-149-8693,5199932,314837035-X,Female,28.10.1962
杨,735-442-9071,3906963,183278963-2,Female,07.09.1995
崔,404-295-7329,8173950,105574327-8,Male,24.05.1967
闻,782-891-4448,6353572,611038558-1,Female,28.04.1972
白,157-193-7265,5623214,338222231-0,Male,05.12.1975
茹,122-690-9418,3640869,906434945-2,Female,18.08.1965
荣,949-712-6993,6939419,836821628-1,Female,24.10.1964
葛,650-274-4834,5691019,948169653-7,Male,30.01.1976
毕,531-423-5377,9838469,587244222-X,Male,17.06.1956
仲,605-289-1017,1283605,651249050-9,Male,26.08.1986
幸,774-473-7999,3634971,176889117-6,Male,14.04.1989
缪,839-470-1244,4419949,268961011-6,Female,16.10.1988
季,862-622-0641,1085755,415662838-8,Male,18.01.1982
祝,652-439-5410,2918663,500675254-8,Female,30.12.1954
鱼,486-942-6586,3430137,551334447-5,Male,27.04.1963
余,795-407-1411,8288140,025238007-X,Female,06.09.1995
韩,559-566-3475,6622846,403158254-4,Male,07.04.1984
平,655-824-7241,7147138,583475538-0,Female,17.10.1991
田,452-807-6290,2378968,588112286-0,Male,27.06.1961
孔,457-562-2363,6199689,284204012-0,Female,18.03.1953
霍,894-402-4999,3808035,647056728-2,Female,08.08.1952
时,317-948-1524,5986233,412407229-5,Male,20.08.1989
冷,393-990-9839,2895035,573214112-X,Male,01.12.1978
聂,288-572-2712,3410150,139009225-9,Male,28.04.1985
毋,815-971-2931,5183056,315158856-5,Female,11.04.1962
屠,684-520-8869,9351297,640390097-8,Female,30.08.1995
冷,827-206-8016,7764432,759311054-0,Female,11.07.1976
锺,914-764-5869,8241960,197861623-6,Male,10.09.1973
巫,307-473-8487,2621645,039684677-7,Female,28.04.1979
濮,694-178-4219,9502023,068114624-9,Male,12.10.1994
家,617-651-7203,7582767,740162194-0,Male,16.02.1987
於,451-916-8484,6183447,124113342-5,Male,30.08.1951
后,825-159-4907,4094129,188573181-7,Female,11.02.1976
尹,370-721-5094,1885197,170465631-1,Female,11.06.1971
饶,197-915-3925,6689244,119744180-8,Male,11.05.1983
锺,990-552-2521,8271956,269797937-9,Male,27.06.1967
梅,873-138-0860,2252236,494692584-8,Male,08.04.1988
全,425-727-9792,7022334,631020599-4,Male,29.07.1985
富,843-641-5070,4711609,772799007-8,Female,12.11.1992
咸,413-789-6644,8202733,190245621-1,Female,20.04.1988
边,245-936-9808,4651391,439994826-4,Male,26.02.1989
向,271-790-0601,8990426,397034732-7,Male,04.05.1972
李,373-585-1867,3689515,043739901-X,Female,12.11.1980
晏,205-777-0288,6182796,801703388-5,Female,18.08.1990
甄,941-807-3214,3389831,574098215-4,Female,26.04.1986
吴,149-207-6091,5051156,115357207-9,Male,26.04.1986
靳,550-501-8338,5465993,227621350-7,Female,04.06.1985
尤,357-145-8176,9445806,644499691-0,Female,23.03.1975
谭,803-753-6082,9991200,723497764-3,Male,26.01.1979
糜,475-213-3377,2985807,081576891-5,Female,21.02.1956
孙,341-670-7771,6737499,221933046-X,Male,06.12.1983
乌,852-143-6679,2254694,215310214-6,Female,19.04.1992
郑,513-283-4658,3527376,481968515-5,Female,03.01.1956
梁,708-652-5781,6078195,628367836-X,Male,24.12.1959
丁,391-376-0465,9067074,771445853-4,Female,08.10.1993
严,933-576-5673,2445404,047952199-9,Female,03.11.1975
勾,508-858-2202,2360035,947161904-1,Female,30.09.1994
饶,104-459-7478,7298441,788029395-7,Male,14.10.1974
勾,948-296-6336,3766097,950847451-3,Male,12.04.1959
谢,117-913-7236,6528253,493306950-6,Female,02.02.1971
郭,739-603-4432,5546129,033152595-X,Female,05.12.1983
於,733-974-8142,6684025,666051071-0,Female,24.09.1972
柯,608-308-0408,4439666,462135486-8,Male,20.05.1984
庄,366-447-8421,2215205,280661290-X,Female,18.02.1983
屈,903-361-8414,5167214,622609352-8,Female,01.12.1972
屠,550-573-0525,9464043,133241358-7,Female,10.06.1985
逮,749-680-8244,5975680,265295063-0,Female,17.02.1975
文,896-337-1094,8055277,084293854-0,Male,03.10.1995
瞿,841-524-1789,3673082,976188436-8,Female,05.12.1970
昝,209-983-9852,7579606,779375774-2,Female,12.05.1963
莘,673-848-1711,9483020,742064992-8,Female,03.10.1991
林,558-860-3920,8466563,956562957-1,Male,31.03.1988
钭,773-663-4864,5163974,685996050-7,Male,28.01.1972
尹,483-681-7786,1273908,056154647-9,Female,19.05.1989
傅,792-323-7321,5874944,910496288-5,Male,10.08.1969
空,952-379-4839,6329485,277850042-1,Female,23.07.1980
荀,474-669-8241,2522752,936660905-8,Male,18.05.1994
胥,532-979-2327,8601630,620351152-8,Male,10.11.1964
姬,546-362-5718,9466364,572048611-9,Female,18.01.1987
汲,344-254-6880,5188466,431231788-7,Female,09.03.1967
杜,347-112-5927,4412629,131298810-X,Female,15.08.1960
罗,252-705-4180,7551119,016174551-2,Male,30.09.1972
庞,807-335-0727,6354741,524324773-1,Male,06.02.1964
安,927-887-4919,8008455,856911282-3,Male,08.07.1990
柏,327-272-7063,7378243,843977541-5,Female,16.02.1983
蒯,599-459-1984,2347777,065922593-X,Male,24.09.1993
许,402-178-3215,1531432,163728787-9,Female,20.10.1953
璩,294-564-2439,2806278,611700942-9,Male,27.11.1951
申,903-220-4331,1099550,340526121-X,Male,13.05.1972
红,544-884-0043,4384332,007465479-9,Female,26.01.1982
郎,786-772-2737,1775007,394319919-3,Female,07.12.1958
晁,324-194-0404,5508448,591794982-4,Male,21.09.1983
蔺,281-351-4131,8101325,648560490-1,Female,17.07.1954
乜,717-390-7696,1832083,490503942-8,Female,20.04.1961
公,832-864-7088,2726441,808212143-2,Female,04.09.1952
从,696-683-8164,4939158,907129638-5,Female,13.03.1956
冷,306-861-7630,1665944,296002251-3,Female,28.10.1994
冉,634-142-7005,4114591,026006618-4,Female,06.06.1951
王,524-322-8256,5142709,936917064-2,Male,04.02.1979
步,445-547-1179,2403828,404447961-5,Female,28.07.1959
敖,634-805-8076,1525330,015889798-6,Male,04.11.1983
蒋,146-952-4712,4757752,661791248-9,Male,02.01.1951
柏,420-809-2453,4821137,635171246-7,Female,19.05.1972
昌,539-281-5813,3578081,198429244-7,Female,05.08.1964
堵,609-497-6775,1420790,646656134-8,Male,29.11.1972
褚,554-413-3619,3554277,108948295-7,Female,24.07.1965
邱,780-326-8920,5242966,493836936-2,Female,11.09.1952
强,666-389-3274,5843739,042615370-7,Female,13.09.1989
贝,578-685-4676,3754687,608662292-2,Female,12.04.1952
申,751-293-1242,7187397,443267943-3,Female,26.02.1972
蔡,916-866-9170,5155058,791471156-X,Female,06.08.1979
束,292-693-7058,7149522,757776140-0,Female,28.01.1953
毋,336-129-6000,3622533,670623004-9,Female,07.09.1957
僪,416-926-1675,8793710,338976037-7,Male,17.03.1984
温,121-156-7428,4190062,654535792-1,Female,12.11.1963
云,752-869-1229,3228243,574138061-1,Female,28.07.1971
余,800-463-5818,2021537,615419465-X,Male,15.11.1987
公,480-628-3069,9080224,602670605-4,Female,07.10.1969
历,749-417-8755,9487018,382709172-1,Male,05.11.1958
雷,688-371-8561,7752393,780454494-4,Male,30.10.1988
景,716-913-5910,9714807,967489182-X,Female,15.10.1975
庾,730-292-8101,7934421,496866187-8,Male,28.02.1978
姚,486-698-5312,6586160,411533762-1,Female,17.01.1950
蒙,719-202-8878,8921310,661108943-8,Female,29.03.1972
岑,973-634-4671,7094499,555856053-3,Male,08.03.1960
郁,946-852-1242,2333004,875409538-7,Female,16.12.1994
申,770-177-0986,7446530,200502195-4,Female,11.05.1973
计,142-204-8154,5221561,073237368-9,Female,31.10.1957
厍,757-261-4485,4191827,169358317-8,Male,20.08.1957
堵,263-672-6840,6005989,702928781-9,Male,25.05.1973
毛,407-489-2699,9251255,687640774-8,Male,20.11.1953
后,762-842-8059,1214862,671973053-3,Male,19.02.1953
终,950-948-9572,2099292,696872160-0,Male,11.02.1953
冀,148-749-3970,9203587,708369461-3,Female,19.07.1967
经,571-255-2977,5411606,871846318-5,Female,29.11.1967
季,916-354-1907,4670729,989537256-6,Female,16.06.1980
刘,377-205-8974,3993289,360855079-8,Female,10.06.1975
汲,872-165-6919,8958513,258107067-6,Female,11.05.1958
解,241-433-1376,4863234,947598780-0,Female,16.09.1961
锺,663-205-2616,7211678,089029873-4,Female,22.02.1967
边,989-676-4264,6913714,214154990-6,Female,06.07.1957
梁,143-656-3534,6161205,065415126-1,Male,15.04.1988
阙,111-502-8203,3661218,221548855-7,Male,16.11.1969
古,496-437-9987,1779168,043415308-7,Female,29.12.1993
丰,917-900-0076,6919239,860800197-7,Male,16.11.1990
虞,322-251-6188,1725978,160303357-2,Female,25.08.1990
刘,492-215-1049,3434059,648779573-9,Male,09.12.1963
白,413-599-4048,7232756,960378757-4,Male,18.04.1967
熊,804-274-4669,5191043,148754325-5,Female,27.07.1994
康,591-261-4304,6804299,171714871-9,Female,27.07.1989
连,143-841-7600,9538846,646053079-3,Female,07.01.1952
茹,572-100-2503,1726748,723308848-9,Male,29.10.1973
暨,618-896-3195,7465117,995344578-8,Female,03.08.1972
施,343-344-1505,5814319,813760871-0,Female,10.03.1950
通,182-485-5574,4619306,122744748-5,Male,24.08.1972
胥,160-135-9451,3899104,785616462-X,Male,12.12.1978
易,792-155-6588,5149589,733735586-6,Male,15.06.1963
蓬,338-171-8521,9694853,372007684-9,Female,19.09.1966
臧,798-567-9298,8218802,860394050-9,Male,06.10.1961
蔡,348-192-4778,7735799,194169844-1,Female,30.07.1987
万,869-835-2569,5456728,398656021-1,Male,12.04.1983
饶,277-943-9517,8604630,076271843-9,Female,05.07.1973
宣,238-459-7602,8946395,404355029-4,Female,12.12.1953
融,142-233-0568,6703431,190376104-2,Female,14.09.1962
卓,961-637-4026,2711996,172195111-3,Female,11.11.1969
袁,609-414-6829,6358048,269488984-0,Female,01.02.1980
石,408-832-8050,9901865,354909132-X,Female,03.04.1975
向,523-423-2171,7530126,214994697-1,Male,03.05.1954
欧,409-100-3865,1538251,229102527-9,Male,19.07.1994
车,430-181-8436,4459588,360863209-3,Female,01.04.1961
席,778-502-8500,7940268,298730122-7,Female,08.04.1992
阎,631-451-9012,8739226,759253624-2,Male,30.08.1984
茅,301-514-9154,9604865,765883015-1,Female,07.02.1977
郦,430-366-5331,7882217,282022340-0,Female,05.04.1968
林,601-119-5162,7229470,958536905-2,Female,17.03.1968
安,890-361-2301,2535262,287783310-0,Male,18.02.1982
郑,933-183-7497,4871383,700598058-1,Female,18.01.1952
秦,764-897-4056,8497436,559331815-8,Male,01.12.1960
冀,395-951-2495,4328783,192824612-5,Male,27.11.1958
劳,385-357-2372,5733888,497582496-5,Male,09.11.1995
方,893-134-9614,8885502,068295178-1,Male,14.12.1991
鞠,575-374-5138,2007511,355398455-4,Female,30.03.1962
项,914-460-6441,9720562,084506842-3,Male,24.05.1984
林,332-151-0039,8084788,943903382-7,Male,18.01.1957
常,896-890-6801,8847604,997796417-3,Female,04.08.1952
乌,598-992-9515,9943305,095479322-6,Male,01.09.1955
卫,382-496-7200,3515029,614688095-7,Female,04.01.1988
桑,521-700-2165,1699966,430749675-2,Female,26.04.1954
冉,215-194-4434,6456809,839610470-0,Male,14.01.1989
桂,578-131-5672,5537405,909279596-8,Male,25.05.1979
卞,527-856-2127,9442287,994361802-7,Female,30.12.1985
甘,580-145-7887,4028514,090584949-3,Male,16.08.1994
皮,783-432-6861,4621554,612014657-1,Male,08.04.1972
葛,724-402-3449,1316488,675093825-6,Male,24.11.1960
宦,885-408-6399,6628954,875807816-9,Female,20.08.1964
耿,568-378-9529,6163194,809886244-5,Female,05.05.1977
应,970-735-9598,7456101,228886981-X,Female,21.11.1981
广,672-219-7500,8629472,459299148-6,Male,01.01.1987
仇,857-320-7293,8041131,384253154-0,Male,18.12.1963
危,597-844-1910,9978056,441041458-5,Female,25.07.1965
冷,523-918-8875,5270878,761603133-1,Female,05.12.1955
荆,118-695-0359,5312945,716890392-6,Male,08.06.1964
杨,180-774-9779,8729963,504025921-2,Female,20.12.1985
邓,624-788-9322,7227201,733488402-7,Female,26.01.1960
李,742-361-5904,7024179,787115583-0,Female,15.04.1988
丰,949-390-8688,9271145,168263364-0,Female,24.12.1995
贝,264-566-3041,8195660,722352343-3,Male,13.03.1990
柯,135-828-1131,4799441,604004207-9,Male,17.05.1993
柴,450-736-0868,2221197,468877803-1,Female,30.09.1992
孙,720-907-0400,4348951,867935187-3,Female,26.03.1951
家,905-419-6568,9902867,194806923-7,Male,31.12.1976
师,170-617-1673,1844523,338038857-2,Male,30.11.1988
李,199-582-8722,9104177,561160037-9,Male,28.06.1992
汤,303-748-6456,2894293,870712022-2,Male,22.01.1986
邹,752-269-1370,2969473,452130598-9,Female,13.10.1975
黄,373-827-6752,8338921,116086957-X,Female,24.10.1954
谭,406-447-8634,5527637,147090197-8,Female,23.07.1962
公,921-192-2828,4996600,567615844-1,Male,17.04.1981
暨,332-891-8122,4174190,179283848-4,Male,01.01.1963
蒲,536-340-6418,2156827,525375943-3,Female,17.12.1970
宓,815-669-3048,7373894,094131916-4,Female,20.06.1967
郎,527-938-9220,3276125,726658686-0,Female,21.01.1973
褚,200-554-4226,6895939,892732358-0,Female,03.02.1965
邵,314-575-2330,1483291,459871645-2,Female,05.01.1963
刘,289-918-7514,2601713,161532078-4,Female,19.08.1961
左,619-906-5365,6162122,491563079-X,Male,10.02.1984
蒙,415-529-6547,2395189,136922238-6,Male,21.10.1961
寇,118-305-8158,4351939,662037402-6,Female,12.03.1964
戴,744-194-3515,8326491,602013603-5,Male,28.08.1963
伊,476-737-8940,7057942,628294489-9,Female,11.04.1965
郗,749-761-7343,1015482,786958666-8,Female,19.04.1991
卫,555-670-1404,2121334,634170672-3,Female,26.02.1977
冯,540-600-4756,5593973,947112416-6,Female,17.12.1974
荀,399-904-0728,7242223,513272138-9,Female,14.05.1993
魏,606-350-6869,2678972,350584194-3,Female,23.11.1990
东,260-727-4875,3839346,244539561-5,Female,09.09.1974
莘,140-721-5506,1833190,785311868-6,Female,22.03.1956
锺,368-443-9382,5025115,479546489-8,Female,02.06.1988
湛,343-826-5897,8105485,029490095-0,Male,10.06.1981
公,518-488-0201,7077671,196550512-0,Male,24.01.1964
解,104-815-8672,2973783,307026409-3,Female,27.02.1985
岑,182-757-9406,4282281,322739252-6,Female,16.06.1981
钱,930-693-6551,3581758,083439012-4,Female,31.10.1950
安,919-311-4146,2567266,177879720-2,Male,19.11.1956
幸,878-321-5561,7360657,978296275-9,Female,04.06.1965
怀,589-637-2993,1773364,624239935-0,Female,15.02.1968
蒋,524-577-1631,3434547,363410552-6,Female,30.06.1951
富,906-624-8928,4352281,713982099-6,Female,28.01.1975
方,481-720-5403,2081250,645631591-3,Male,18.12.1953
计,435-775-3514,2724429,704673891-2,Male,17.10.1957
吉,706-195-8673,5225454,584004034-7,Male,21.03.1950
项,887-747-6716,1122735,416457962-5,Female,28.07.1954
康,570-225-7051,8134978,984500345-1,Female,10.08.1970
晁,883-756-8900,4730813,330123734-7,Female,21.07.1975
聂,816-692-8791,9054747,217534834-2,Male,26.08.1962
苏,725-877-4012,9321090,776165823-4,Female,05.02.1993
雷,760-172-5176,9715424,441870480-9,Male,08.07.1984
于,303-553-0083,3707001,211817868-9,Male,10.03.1993
任,931-729-1257,4664302,828090099-3,Female,16.10.1960
方,173-431-8101,4062661,007234053-3,Female,21.04.1994
容,607-908-4940,6665000,472765785-6,Male,11.04.1984
伏,645-688-9720,8688807,926688772-2,Female,18.01.1990
温,172-978-0753,1492344,714868151-0,Female,02.03.1994
徐,178-218-6138,5913958,678746153-4,Female,19.04.1955
阳,190-768-2656,9100544,534999497-2,Female,18.09.1963
包,520-550-4095,8735462,563614704-X,Female,12.03.1970
祁,407-403-0343,6699009,525095575-4,Male,27.10.1979
颜,889-163-7369,8276376,511998569-6,Female,17.09.1977
滑,185-595-0082,7698114,069284355-8,Male,10.01.1987
堵,383-731-0684,2829404,614272851-4,Male,07.07.1992
冯,862-988-5032,9197057,447172154-2,Female,10.09.1993
瞿,598-508-3198,7183625,545898204-5,Female,03.03.1964
都,121-487-0879,7508971,040056581-1,Female,21.06.1963
陈,606-674-0930,4771138,160512143-6,Male,09.09.1973
边,174-344-1604,3000255,051099702-3,Female,11.01.1992
邴,509-498-8829,3678601,957395731-0,Female,28.10.1977
管,923-553-6973,1128974,421570022-1,Male,19.08.1984
计,109-306-3417,1456650,933133820-1,Male,29.03.1952
边,283-298-7783,5411534,011384141-8,Male,23.09.1989
寿,717-503-9154,1234242,951271154-0,Male,19.08.1970
储,791-364-2739,8381370,529784289-1,Male,16.06.1953
益,844-184-7395,1623167,459964178-2,Male,12.10.1992
华,578-535-9748,8513441,182722610-2,Female,15.05.1979
解,646-583-2275,1596883,566408633-5,Female,12.12.1992
褚,302-568-4656,1546122,794513514-5,Male,16.03.1993
丰,857-819-2367,4169913,172933545-4,Female,26.12.1980
阳,149-871-8995,7569575,392158807-3,Male,26.02.1979
伏,318-258-8053,6018920,919623822-4,Female,04.10.1973
宰,361-505-2147,6349646,105719619-3,Male,11.10.1989
章,467-419-0442,3020848,347647249-3,Male,03.12.1960
孙,749-307-8099,9436395,731160355-2,Male,29.10.1950
桂,227-615-8555,4661225,344960392-2,Male,13.09.1970
单,800-719-6913,8473728,228919849-8,Female,30.01.1956
家,884-809-9548,5268681,028295051-6,Female,28.12.1983
夔,133-909-4972,6302943,076736677-8,Male,03.07.1968
支,316-769-8466,6970820,621505808-4,Female,29.01.1995
晁,354-650-9845,5069390,995770151-7,Female,26.07.1975
苗,690-943-7430,1799800,604271028-1,Male,07.03.1984
乌,379-799-8632,4346788,427968518-5,Female,11.10.1980
杨,509-740-1751,8536787,334485279-5,Female,01.07.1966
张,506-159-5102,1072777,488970782-4,Female,01.10.1986
苍,579-149-7621,6860545,709409218-0,Female,08.12.1962
毕,796-235-8936,3170698,870715609-X,Female,04.02.1960
蔺,700-793-6073,8320201,297414648-1,Female,20.01.1959
班,290-188-1356,3404941,225605047-5,Male,01.06.1980
阚,692-729-5645,6553350,395250224-3,Male,17.11.1982
艾,281-461-3573,3796676,227682539-1,Male,12.02.1953
支,452-691-0135,5636165,508668640-7,Female,08.09.1955
汪,324-215-3868,2805151,800906826-8,Male,12.11.1979
荣,576-475-3061,8364258,467682678-8,Female,26.01.1978
洪,731-625-8595,4930646,299890968-X,Male,02.09.1958
於,533-256-8802,6867309,323826880-5,Male,05.05.1966
宣,988-773-3712,2841973,200666082-9,Female,16.11.1953
罗,893-460-7861,1664015,887940757-0,Female,04.10.1953
荆,719-815-6233,3555562,129965906-3,Female,16.04.1989
朱,573-383-0557,1913992,430789467-7,Female,01.05.1978
江,496-685-9739,5787199,940325824-1,Female,04.08.1979
相,180-573-3703,1867066,630464532-5,Female,24.04.1991
红,181-420-4468,1623539,786400129-7,Male,16.02.1982
唐,613-820-8366,5978852,011169940-1,Male,10.06.1985
张,605-273-9773,3657760,764175559-3,Female,20.10.1950
盍,531-727-9535,8003084,784976453-6,Female,07.01.1988
安,150-475-4377,7990480,179383396-6,Male,21.08.1961
褚,235-159-8587,2626681,435002454-9,Male,04.02.1987
汪,953-908-5797,2665662,881704815-1,Female,25.09.1989
蓬,942-679-8873,5873464,921581243-1,Male,29.08.1986
幸,926-671-6042,9421560,236418612-9,Male,18.11.1983
越,278-730-1749,7743008,535054923-5,Female,14.05.1965
赵,241-523-2659,2307137,709629863-0,Female,16.08.1961
冯,962-453-9217,6142639,592520957-5,Male,04.03.1984
黎,240-701-8813,6572301,527443156-9,Female,01.07.1982
锺,530-605-8480,3596206,774691935-9,Female,24.05.1977
钮,431-844-8742,5496817,295835751-1,Female,02.03.1952
温,503-173-2668,5388722,225018886-6,Female,12.07.1981
扈,927-906-0590,3360619,019367369-X,Male,14.06.1964
谢,365-287-7921,1632020,179137874-9,Male,30.04.1971
居,932-904-8561,6022674,263111892-8,Male,08.02.1968
储,604-586-8325,4435025,476486297-2,Male,30.01.1980
蔡,921-198-5831,9369188,725734986-X,Male,16.09.1969
袁,761-156-2058,7540576,322210412-3,Male,01.04.1978
成,842-883-0087,8092540,494600568-4,Male,02.08.1951
赵,355-773-5113,1026450,296322276-9,Female,21.11.1991
容,350-269-2980,9643690,117724261-3,Female,17.04.1976
杜,313-250-4216,2177315,906513629-0,Male,28.06.1968
邴,734-859-4819,7709398,605940680-7,Female,25.10.1975
慎,792-736-2814,6485382,603556627-8,Female,17.08.1965
伍,688-617-1881,3484846,374618652-8,Female,04.10.1950
张,628-308-2216,6150585,943630736-5,Male,28.08.1995
侯,763-109-3394,6297329,402713179-7,Female,27.05.1960
孙,776-990-8960,1712398,185297997-6,Male,04.03.1956
傅,557-289-0941,4626518,561059932-6,Male,11.09.1961
邓,954-402-3979,5694405,144898985-X,Female,14.09.1967
家,576-749-1034,2854621,889081682-1,Female,09.06.1956
解,861-106-3690,4952419,923928510-5,Male,26.09.1979
韦,875-218-7044,7534657,921695674-7,Male,19.09.1960
任,834-604-0084,2650735,638514194-2,Male,05.04.1993
闻,754-148-0163,1204885,865045642-1,Female,17.08.1959
酆,201-879-1432,8868815,852323987-1,Male,05.01.1995
戎,248-403-6934,6711717,879322884-8,Female,25.03.1975
安,552-164-8427,6465741,950342740-1,Male,19.05.1990
何,537-819-2811,5826215,277240943-0,Male,15.11.1953
别,514-209-6984,5680833,795036751-2,Male,22.12.1994
宦,202-151-6942,2247105,038032285-4,Female,26.02.1970
仲,176-376-6275,8890668,994553797-0,Female,03.01.1991
后,925-363-3085,2341870,113744920-9,Male,27.03.1972
边,197-463-4204,7589191,294982763-2,Female,15.11.1995
水,843-747-5115,4286122,834736167-3,Male,21.08.1966
缪,159-305-0100,3949811,047952654-0,Female,26.04.1950
沙,474-356-8097,4224166,172880541-4,Female,28.05.1987
戎,204-612-9329,5156274,731536507-9,Female,02.10.1977
秦,890-556-5261,7076894,328372789-9,Male,05.12.1960
廖,486-484-5632,7797752,777789835-3,Female,25.06.1951
张,503-563-1004,4564420,979893602-7,Female,28.03.1981
韦,202-564-5907,6511764,355376711-1,Male,24.04.1958
周,759-117-0703,2637357,844255727-X,Male,02.09.1967
苏,673-462-2866,2462659,872093831-4,Male,18.12.1989
苏,381-784-8947,5232610,675548592-6,Male,22.06.1989
武,230-190-7754,6449398,335118194-9,Female,21.12.1966
宫,605-754-5440,2252458,271410260-3,Male,11.08.1954
余,137-342-7406,9368577,359271052-4,Female,23.10.1990
梅,513-423-4630,2648671,476225634-X,Male,01.03.1992
郁,731-222-3288,1993002,681670996-9,Female,17.01.1970
束,747-979-5041,6513228,173415584-1,Female,04.01.1986
荀,679-847-3311,3010185,450715525-8,Female,14.05.1955
幸,371-120-9066,5568562,241799708-8,Female,17.04.1987
任,517-206-9012,9394693,442413548-9,Female,16.05.1951
翁,530-487-8760,7865589,880452005-1,Male,12.04.1961
越,315-925-1182,6098640,717508898-1,Female,22.07.1955
崔,871-901-6233,8560972,650890440-X,Male,13.09.1988
蔚,534-328-7800,1635136,821832524-7,Male,17.05.1952
危,328-119-0769,3198086,013354591-1,Male,15.08.1994
暴,232-858-4610,2483798,357993849-5,Male,07.08.1962
邱,317-509-8692,3722959,098159819-6,Female,03.01.1990
习,204-129-9943,3488133,102177207-0,Female,04.08.1966
屠,152-715-6083,7810282,918271768-0,Male,31.03.1980
扶,867-920-9657,6947118,016358363-3,Male,11.09.1974
梅,615-851-1519,1149411,262470376-4,Female,09.10.1965
戚,714-856-3303,2741013,777897381-2,Female,19.07.1951
巫,194-484-3779,8176407,475273648-9,Female,31.12.1954
满,502-864-2503,4538465,068615307-3,Female,23.11.1978
孔,312-339-0996,4945328,997021990-1,Male,30.05.1974
尤,355-268-0843,7239241,659529228-9,Female,09.03.1992
衡,563-891-9410,9722902,810603120-9,Male,24.10.1953
农,816-558-6367,2108677,865291200-9,Female,01.02.1956
曾,781-732-8463,2473380,005593641-5,Male,17.06.1968
单,471-835-9975,1476716,219150424-8,Female,27.08.1970
戈,807-881-5211,1116186,088335769-0,Female,22.09.1977
胥,728-601-2942,7093067,799527109-3,Male,04.06.1989
韶,438-121-3787,1328053,658246608-9,Female,05.02.1974
欧,165-969-3340,7560946,472990247-5,Male,18.10.1984
却,137-914-7987,6141770,031425717-9,Male,11.06.1969
束,129-891-5660,7710819,767767675-8,Male,09.02.1991
甘,287-562-2418,9340701,810431819-5,Male,28.07.1957
仲,640-474-3159,2946805,191179466-3,Female,20.10.1975
包,324-656-9654,6854102,719507994-5,Male,03.09.1962
谢,482-575-2586,9670161,488776539-8,Male,23.11.1953
仲,893-828-0621,9343476,850953012-2,Male,16.11.1990
徐,256-851-8541,1419177,150026251-X,Female,16.02.1950
庄,710-927-7076,3928530,852716203-2,Female,13.09.1992
秦,598-781-0082,4553969,248633480-7,Female,06.12.1972
邹,988-462-3377,1316130,626574758-4,Male,16.04.1979
都,859-638-4489,5424520,069532584-1,Female,23.08.1975
羿,529-115-6349,7132895,929307498-2,Male,30.04.1963
盍,358-715-7250,7239945,031405821-4,Female,19.07.1981
燕,449-472-4083,8129627,652882764-8,Male,18.03.1966
逄,632-168-7637,8731880,442239465-7,Female,24.01.1985
顾,376-818-0302,7271038,347889294-5,Female,04.10.1960
暴,580-227-7955,6329046,691846786-7,Female,19.09.1961
伏,826-823-6301,8890980,330737635-7,Female,24.06.1980
甄,519-849-6720,3373446,699726001-2,Male,14.03.1954
龙,331-748-5148,9650804,419406401-1,Male,26.07.1954
万,622-568-8965,2197609,695083625-2,Male,30.06.1994
那,361-856-9689,7073037,175053791-5,Male,25.08.1971
贾,303-639-5672,9246392,560780781-9,Male,02.09.1981
傅,742-522-2089,4508728,651325311-X,Female,10.09.1985
巩,685-373-4904,6108040,762250737-7,Female,10.11.1976
经,228-442-9688,7089050,737466628-4,Female,11.12.1993
全,470-825-3905,4934359,459196728-X,Female,10.12.1991
晁,518-953-4405,6148389,748845237-2,Male,31.07.1980
乔,976-820-0746,2281069,355603242-2,Male,28.12.1953
僪,819-832-1694,8890783,278364354-5,Female,15.01.1967
穆,146-981-8008,7741605,002077723-X,Female,25.01.1991
经,176-789-4907,4033939,210378805-2,Female,07.03.1958
贺,408-217-9563,1538123,704200075-7,Female,22.01.1956
甘,159-264-1591,7367896,497290279-5,Female,21.12.1983
文,909-152-2712,1003851,239934986-5,Male,06.11.1967
沙,421-620-3230,7352419,273606172-1,Female,11.06.1963
禹,405-334-5029,1113196,311981711-2,Male,22.02.1967
毛,638-946-4554,2885585,742772201-9,Female,28.09.1955
倪,167-778-5218,8144355,687097970-7,Female,03.07.1951
岑,383-973-1336,4239237,146896424-0,Male,19.06.1951
洪,914-567-0787,5059967,612793376-5,Female,13.06.1964
窦,397-455-0760,1819980,478919085-4,Female,25.05.1954
蔡,447-907-8565,6299367,897251287-7,Female,13.10.1966
史,671-218-9561,3275708,387483126-4,Male,26.09.1975
瞿,339-951-5137,8518869,940431217-7,Female,09.03.1959
国,157-783-3743,2235810,096227131-4,Female,27.06.1988
匡,812-275-0787,1506188,519487431-6,Male,03.10.1964
权,180-551-0937,4395549,254294706-6,Male,25.06.1953
廖,147-826-5370,1664247,272166300-3,Female,02.05.1956
祝,187-675-1709,4157529,773694997-2,Male,05.02.1958
徐,531-280-4179,7521007,410759225-1,Male,07.06.1981
郜,741-888-3097,9603218,831641058-3,Female,04.12.1951
尹,116-381-9830,2899601,341605800-3,Male,07.12.1960
荀,540-966-8545,6000182,995996087-0,Female,01.08.1990
闵,627-354-7406,1152455,705295058-8,Female,06.02.1993
顾,541-687-0583,1608437,955443114-7,Female,04.07.1970
尹,928-449-5895,5697944,648794654-0,Female,21.01.1971
邴,437-146-8819,8843385,150920783-X,Female,18.07.1989
贝,851-854-7402,4990383,382695059-3,Male,07.01.1974
陈,524-596-2591,2773107,966512819-1,Female,11.01.1985
暴,797-969-2182,3059576,532256655-4,Male,05.07.1975
高,595-906-4414,9100753,646288640-4,Male,15.07.1972
富,940-453-4539,9247614,325228822-2,Male,16.08.1973
贲,344-368-5106,1107371,485537549-7,Female,02.09.1989
昝,132-831-9017,2637945,891681227-5,Female,13.10.1988
滑,553-311-4856,7279454,853386446-9,Female,21.10.1979
高,572-535-6343,3048123,205099304-8,Female,05.02.1960
卜,743-701-3747,9858829,552525269-4,Female,01.04.1952
束,565-828-4447,8757424,734761086-9,Female,26.01.1950
杨,458-772-2735,1929932,391603377-8,Female,16.09.1969
伊,319-765-0536,1860725,991024355-5,Female,29.01.1981
锺,998-396-4489,3552796,651803983-3,Male,21.01.1977
毕,325-232-1602,8792086,799186797-8,Male,15.02.1984
左,634-906-3766,8806596,163053977-5,Female,30.03.1964
锺,168-690-3101,1157858,590103562-3,Male,30.03.1993
於,271-255-3859,2900104,959111546-6,Male,22.08.1991
籍,892-335-6823,2832612,420147859-9,Male,04.08.1968
雷,392-697-7023,3577999,978938467-X,Female,13.11.1993
廉,127-762-6687,9910301,552628116-7,Male,16.08.1951
袁,958-457-8675,6448129,073868013-3,Male,02.06.1989
倪,251-383-9849,3656627,906324490-8,Female,06.06.1962
庄,697-782-3188,6870090,352677006-9,Male,11.10.1957
毛,344-835-3737,4391530,231221589-6,Female,24.12.1952
柯,561-370-2563,7125573,607795203-6,Female,17.10.1984
杭,949-491-7648,3616188,637234372-X,Male,18.11.1974
利,374-481-7083,2451891,108700009-2,Female,10.07.1973
彭,614-500-0996,9532214,933085155-X,Male,09.01.1987
滑,443-705-5913,9482796,696355595-8,Female,20.10.1967
桑,145-929-1337,2944404,597177500-6,Female,15.03.1955
公,803-779-2256,4651220,370177024-7,Male,13.09.1961
郦,535-708-5603,6625248,544830256-4,Male,24.07.1978
红,229-383-3815,6122488,202186579-7,Female,23.12.1974
广,884-967-7860,7891440,861914668-8,Female,28.01.1986
束,610-239-5627,5002761,163026832-1,Male,25.01.1958
宣,153-507-3725,5115437,678731132-X,Male,13.10.1957
茅,661-376-8580,5607418,362046326-3,Female,13.11.1954
盛,527-108-0930,6360102,176486379-8,Female,22.03.1954
桂,510-457-6000,8638532,225985491-5,Female,10.10.1978
韩,245-962-4010,5704575,667297959-X,Female,12.04.1955
柴,595-358-3075,6450647,741679803-5,Male,22.06.1974
刁,293-382-0511,8309060,122364216-X,Male,04.09.1989
樊,258-571-0911,9988709,053772969-0,Female,29.09.1969
郎,785-972-8804,1666468,115768664-8,Male,15.04.1995
王,900-476-0379,3324387,786992297-8,Male,20.03.1994
闵,267-675-1026,4875375,577148189-0,Female,10.02.1950
古,678-228-0809,2209334,280784381-6,Female,28.10.1969
水,504-181-1041,3007571,284254226-6,Male,16.01.1958
龚,484-985-8109,7995788,730823288-3,Female,06.03.1991
麻,646-489-9417,7860811,019874300-9,Male,12.02.1960
贲,646-136-4504,2015493,783338490-9,Female,18.08.1993
邰,625-379-6627,5270299,359415843-8,Male,02.10.1987
敖,838-364-7386,7209697,008069694-5,Female,11.02.1958
满,413-110-7340,8973152,227230103-7,Male,24.04.1989
桓,185-473-0476,7313628,342464182-0,Male,25.08.1954
冯,899-134-3113,9156861,283872355-3,Female,07.12.1974
熊,899-693-2155,8743667,735200795-4,Female,31.12.1967
乔,877-609-6097,7578212,555885767-6,Female,12.08.1989
温,857-914-4268,8933263,611595271-9,Male,05.07.1970
单,278-452-5489,2723702,767208620-0,Female,26.10.1977
路,676-224-4761,3383916,790390630-5,Female,19.10.1973
邓,557-855-7823,4459429,558323786-4,Female,03.02.1960
毛,302-510-4783,4305018,127921779-0,Female,16.09.1990
孔,452-629-9649,1588806,956410363-0,Female,22.08.1970
聂,981-533-7640,2537030,379612242-6,Female,16.03.1970
伍,391-339-7717,6450989,680710380-8,Female,05.10.1958
祝,608-336-5586,4351380,100086063-9,Female,27.10.1983
胡,671-622-4441,4252986,146495097-0,Male,19.03.1980
朱,598-197-2410,8439678,743100055-3,Female,28.06.1984
郁,367-698-1414,3152576,589743108-6,Male,05.12.1984
任,792-675-4114,1638069,593044782-9,Male,20.01.1968
辛,260-695-8985,8098198,451043078-7,Female,16.05.1985
安,818-128-0950,7895772,009359182-9,Male,03.05.1987
穆,326-164-4975,7901304,027721903-5,Male,04.01.1963
后,559-433-7205,7523964,244542974-9,Female,03.04.1954
简,450-193-5929,8372723,284348278-X,Female,25.09.1984
璩,751-876-7216,6740410,056323962-X,Male,11.09.1970
朱,226-976-0195,2679784,410277338-X,Male,07.09.1979
沙,852-837-5274,6324552,142906333-5,Female,08.08.1995
凤,582-999-3315,5859647,825001785-4,Female,21.03.1975
彭,202-635-8491,8674958,582880193-7,Female,17.04.1991
逮,677-925-7423,9663064,947744809-5,Female,28.05.1973
蒋,674-840-6390,2964506,028071859-4,Male,09.01.1961
郜,129-150-9651,9981730,230167914-4,Male,04.01.1961
扈,816-318-2162,4449922,825088204-0,Female,30.03.1955
隗,203-347-4563,1543702,168579812-8,Female,05.03.1971
索,253-738-4849,1761539,718492923-3,Male,13.09.1980
璩,987-377-2008,4223002,992377849-5,Male,22.05.1975
伊,349-495-3156,5928558,447706900-6,Female,10.02.1968
娄,885-863-7023,6299630,445435962-8,Male,18.10.1987
卜,981-885-8550,6244044,800648946-7,Female,14.12.1983
卓,164-804-6395,1608629,672345960-1,Male,02.03.1956
仲,214-407-6893,2951168,353070498-9,Male,08.08.1992
经,176-768-2722,8861509,132701904-3,Female,13.02.1995
索,405-453-5286,6491005,237885264-9,Female,16.12.1983
臧,983-332-6434,5313853,262358451-6,Female,14.04.1988
乌,594-386-9889,8623484,650958092-6,Male,28.07.1956
昌,579-911-0991,5585572,185422441-7,Female,08.11.1956
汪,244-679-3692,9456754,989131658-0,Female,14.11.1967
蓟,631-109-0884,4760036,603068639-9,Male,27.07.1965
羊,407-889-3309,6291457,234423650-3,Female,10.11.1962
印,614-246-3228,6884341,510017282-7,Male,04.12.1977
逮,147-497-2804,7562109,896871242-5,Male,21.01.1986
昝,764-837-0243,2901756,030471952-8,Male,24.08.1963
林,690-549-1427,3641401,600771555-8,Male,11.03.1957
高,614-466-3142,1875886,061904885-9,Male,30.01.1977
邰,783-348-2385,1907857,040108434-5,Male,10.10.1952
牛,581-576-7880,3006105,256002329-6,Female,29.08.1968
卞,465-999-8656,5369066,865198520-7,Female,05.01.1956
僪,465-505-9082,1113677,132687468-3,Male,28.04.1993
束,806-999-2698,6157207,986003583-0,Female,18.09.1967
边,565-988-4310,8306723,835202724-7,Male,16.09.1990
方,927-308-6250,3135619,371045744-0,Male,15.03.1963
饶,712-261-4843,3989593,739440156-1,Male,21.09.1989
訾,272-285-0059,8178971,698515475-1,Female,08.05.1965
钮,769-829-2707,1555299,875823745-3,Female,15.11.1992
姚,828-438-4794,5433226,558899765-4,Female,08.11.1956
都,295-467-0028,9310051,876898149-X,Male,26.08.1968
景,571-388-5121,6955384,573285646-3,Male,13.01.1978
溥,888-394-2675,8935218,048071439-8,Female,14.06.1975
黄,205-265-6023,7679147,428105254-2,Female,13.02.1991
时,146-224-2486,9650566,558794794-7,Male,17.10.1981
管,113-939-2382,7279648,932681318-5,Male,02.07.1989
胥,463-824-8237,1299278,467708526-9,Male,14.02.1984
邰,746-600-3139,1095595,641008104-9,Female,18.10.1964
冀,812-902-2515,8867506,512501778-7,Female,07.10.1981
闻,124-580-1224,1354141,096560380-6,Female,25.05.1977
尹,126-884-3169,9271915,404255101-7,Female,19.12.1984
臧,276-740-4317,4309538,313554630-6,Male,13.04.1956
吉,702-864-9915,3703584,882323707-6,Female,15.05.1983
万,374-134-8772,5000071,948054178-5,Female,09.10.1970
温,596-409-3117,4385927,648542108-4,Male,17.03.1969
莘,933-451-1443,5001258,984524365-7,Female,27.02.1968
岑,696-688-6818,2610237,048054428-X,Female,05.10.1982
赖,501-953-4955,8585304,418865207-1,Female,01.04.1960
俞,671-540-6293,6460186,743265032-2,Male,26.07.1992
苗,709-317-1964,3756389,315480490-0,Female,01.05.1965
靳,110-671-8297,8805203,202355590-6,Female,10.08.1978
夔,566-545-0007,3762859,732631085-8,Male,08.06.1994
魏,306-602-4409,7191270,158833587-9,Female,25.08.1955
沈,323-356-2135,3985152,288138176-6,Female,17.02.1971
秋,901-509-6647,3055409,037394387-3,Female,18.09.1964
冉,682-611-2698,9728026,667496612-6,Male,24.11.1987
席,943-420-2172,1043473,542355814-X,Male,06.10.1978
酆,611-630-6808,5542766,146100180-3,Female,06.11.1973
包,345-119-2260,9007739,990843925-1,Female,05.08.1965
寿,396-723-2985,7662210,755338787-8,Male,20.12.1994
樊,234-551-5052,9039024,022252260-7,Male,29.09.1970
索,847-892-1863,7641523,703947009-8,Male,23.11.1971
左,246-972-5067,4524069,830821654-4,Female,14.04.1970
权,833-573-9568,1076023,013500622-8,Male,11.09.1950
邢,442-453-8657,2308906,506921545-0,Male,16.04.1985
充,759-416-6905,7162984,130184058-0,Female,19.09.1967
方,134-843-9503,6907027,990961878-8,Female,27.10.1969
连,492-658-9929,1838850,965978314-0,Male,17.03.1968
蓝,724-741-3091,9467342,318210755-0,Male,03.08.1955
伊,650-833-2235,2546055,909191788-1,Female,13.08.1970
逄,988-439-5968,4693417,301668165-X,Female,29.10.1986
鲁,660-931-2341,7264944,419808595-1,Male,07.02.1982
蒯,911-576-3291,7814270,021607168-2,Female,17.03.1950
车,442-531-9955,4190041,816982908-9,Female,12.05.1951
屈,794-152-0234,3236363,401908421-1,Male,11.02.1959
曹,643-672-7541,4557241,625874797-3,Male,23.12.1952
仲,580-721-3497,3195320,490971118-X,Female,11.03.1976
权,133-509-2582,6544341,429291249-1,Female,07.04.1969
胥,741-124-3854,5233411,419277638-3,Male,11.05.1957
许,238-618-9988,9989522,729383107-2,Female,19.10.1953
詹,836-332-7873,1963236,855722638-1,Male,15.04.1956
甄,743-131-6438,2087432,312032315-2,Male,23.04.1956
邱,233-849-7619,8056637,518878192-1,Female,25.10.1994
仇,349-505-6181,2787971,168134798-9,Female,20.06.1974
皮,229-920-2146,9910073,175000071-7,Male,01.03.1984
庞,164-974-7888,2474120,175889717-1,Male,28.03.1973
左,379-751-9250,1236508,392935680-5,Female,23.02.1962
毋,270-202-8580,6856084,104351346-9,Female,16.04.1981
支,398-398-2517,3038549,367920915-0,Female,15.04.1995
康,998-754-6466,3544000,156947227-0,Female,12.09.1963
解,664-202-9278,2218631,604359377-7,Female,24.05.1976
伍,171-711-2374,5891262,664327077-4,Male,18.08.1967
滑,984-913-7112,1775132,748382122-1,Female,10.01.1986
平,428-289-2446,7824945,412975297-9,Male,13.05.1993
殳,154-951-8380,8751415,124211845-4,Female,12.11.1995
段,892-276-2271,1398598,203587299-5,Female,08.11.1991
焦,132-750-2158,4443568,316179035-9,Female,25.12.1995
焦,202-604-6402,2871669,227352421-8,Female,03.03.1964
国,518-916-5324,4772161,965753895-5,Male,15.10.1970
酆,368-746-2388,1256989,634503015-5,Female,09.11.1994
郑,203-390-1231,3663997,395999580-6,Female,12.04.1989
牧,561-210-7061,9821034,163685727-2,Male,12.04.1989
牧,711-598-2031,1123049,142701539-2,Male,26.11.1954
范,841-131-9807,2581362,535787047-0,Female,31.05.1995
历,967-498-6813,6734174,243296847-6,Female,31.08.1995
经,790-415-7513,7360751,089513041-6,Female,01.01.1957
能,489-571-1614,2579221,747225522-X,Female,13.01.1980
劳,484-424-8570,1383104,631677448-6,Female,14.05.1964
禄,921-942-8079,7333354,267448422-5,Female,17.01.1954
毋,726-618-6270,6148235,294503497-2,Female,23.04.1971
薛,116-319-4533,4087909,267379056-X,Female,20.01.1969
国,729-853-8556,5941802,677108833-2,Male,29.11.1977
郜,516-257-5226,8997295,746816725-7,Female,06.08.1955
薛,629-339-2812,3118521,695071383-5,Male,28.03.1974
蔚,876-325-8221,2684867,728315886-3,Male,04.05.1969
党,495-204-1646,9325602,155520655-7,Male,22.06.1957
郑,133-675-1816,3510946,947018324-X,Female,21.03.1958
邴,760-700-0957,3842150,556785259-2,Female,11.10.1988
冷,583-460-5492,1672338,513721619-4,Female,28.06.1982
于,467-803-6742,2648196,768726485-1,Female,23.08.1994
俞,693-762-6455,5134876,299542506-1,Male,01.10.1960
熊,719-558-2687,9716308,441888845-4,Female,21.04.1978
梁,654-280-6286,7651571,700160763-0,Female,24.09.1987
景,732-148-1907,4997670,047777904-2,Male,17.03.1965
姜,108-600-6968,6991040,850541144-7,Male,15.05.1960
越,861-690-0849,2806612,152504707-8,Female,14.02.1990
酆,267-886-4272,8396192,291349330-0,Female,27.08.1974
申,686-926-3292,3952588,195704120-X,Female,03.09.1962
秋,680-641-1879,1594850,592828648-1,Male,15.01.1968
杨,904-669-1294,1245739,584001199-1,Male,24.05.1951
逄,307-216-3048,6366524,790001634-1,Female,04.12.1990
庄,301-490-4250,4160031,330165244-1,Female,26.11.1988
吴,239-492-6132,4782015,065918421-4,Male,24.03.1953
和,183-207-6668,8262526,114114050-0,Female,13.02.1969
梅,310-102-4534,4412018,317194086-8,Male,14.04.1968
吉,109-519-0025,5685443,995512198-X,Female,24.05.1960
黎,297-466-8540,1495261,378982693-6,Female,06.07.1986
强,910-558-8088,8561755,976816330-5,Female,09.06.1966
洪,795-528-8337,5653037,339761034-6,Female,20.01.1986
阚,546-720-0239,2762114,250861132-8,Male,24.11.1976
屠,139-798-7995,5477520,470287545-0,Male,21.07.1988
强,720-347-9922,7705304,884221592-9,Female,22.11.1971
鄂,311-252-9299,1462311,356385418-1,Male,19.04.1966
储,414-538-0386,5512082,612519258-X,Female,02.07.1954
邹,782-217-2016,1395286,812713726-X,Male,01.11.1992
能,118-890-9954,5715715,415405970-X,Male,28.03.1962
濮,587-946-6907,8427351,811989580-0,Female,05.03.1959
成,236-606-6179,3297166,739738355-6,Female,12.11.1983
沈,685-614-1961,5714007,070828274-1,Female,18.12.1957
孙,109-388-2319,1022771,702193813-6,Male,04.03.1960
屠,667-309-0819,2257284,780156697-1,Female,14.01.1967
谈,440-997-5417,6317189,092934980-6,Female,16.02.1975
都,799-768-4901,1404544,567389259-4,Male,29.10.1984
历,769-998-6268,2829627,311754592-1,Male,07.07.1976
羊,267-999-1987,2106592,026002000-1,Female,09.02.1955
戚,402-959-6214,2753190,279724714-0,Female,22.08.1992
尹,687-462-4184,4798802,097896160-9,Male,20.09.1991
晏,731-160-4980,2379414,154543563-4,Female,15.11.1990
班,330-541-9174,1581485,568957662-X,Female,26.03.1987
荆,997-593-1931,9501973,012500683-7,Male,08.02.1959
劳,379-175-1794,3457466,103840883-0,Male,27.03.1952
元,452-547-6515,1705640,050449370-1,Female,15.04.1978
岑,417-521-1612,5364168,656566058-1,Male,14.04.1964
羿,464-517-3504,9762259,665612045-8,Female,12.05.1965
古,128-920-1452,8509690,275311706-3,Male,28.06.1966
戚,796-103-2902,4554915,894365196-1,Male,14.09.1974
寿,334-367-1209,3354268,365299492-2,Male,11.04.1969
虞,870-938-7394,9666071,134283707-X,Female,21.01.1978
符,388-760-1045,2109848,399578239-6,Male,09.11.1978
樊,569-113-0086,4976787,586216097-3,Female,26.06.1991
逮,572-434-7959,6129683,288282258-8,Male,20.02.1973
盍,435-721-3481,6666019,423678044-5,Male,24.01.1989
柳,588-325-2497,5859555,977184318-4,Female,23.12.1974
巴,815-983-7514,9448665,178461283-9,Male,15.05.1972
充,936-847-8932,9646642,127366230-X,Female,09.10.1994
牧,136-550-3702,2024069,860457640-1,Male,30.01.1967
沃,534-865-6794,6813654,951147052-3,Female,18.03.1979
梁,921-150-2905,4865279,362597416-9,Female,07.07.1989
屠,775-267-3952,9169706,234035217-7,Female,03.03.1952
劳,656-641-9503,3116262,951323916-0,Male,04.07.1954
冀,350-231-1358,4120988,794430631-0,Male,05.06.1953
贝,875-945-7388,6733852,343391333-1,Male,18.10.1981
柳,590-912-9753,6469971,273451978-X,Male,29.09.1958
经,728-250-7848,3498088,153565251-9,Female,11.08.1951
寿,530-378-1037,2723957,022648717-2,Female,21.01.1994
贾,658-119-3564,9824165,931093174-4,Male,11.12.1960
蒋,439-105-7179,9361249,931672189-X,Female,26.02.1985
滑,422-902-7148,4318221,248440417-4,Female,03.07.1964
雍,877-353-4217,1040736,464584701-5,Male,25.02.1960
伍,698-494-4611,2595356,263153311-9,Female,06.11.1978
鲍,194-717-7869,6861282,922634295-4,Male,02.01.1976
杭,746-232-7448,6769742,610791087-5,Female,01.04.1985
阎,463-680-4615,8400272,377469896-1,Male,12.03.1990
景,785-377-0527,1186904,301362284-9,Female,04.05.1977
殳,163-377-1824,8263341,718280480-8,Male,25.11.1950
谷,535-137-4322,5362734,992265328-1,Male,18.09.1964
周,582-491-2433,7955864,406424354-4,Female,12.05.1957
樊,848-113-7088,8366244,308614201-4,Female,26.05.1981
诸,117-818-4374,4280102,729877106-X,Male,29.09.1967
黎,841-901-0438,9370838,909101226-9,Female,19.07.1959
莘,585-683-8698,2293610,743078143-8,Female,31.08.1992
松,407-115-6054,7993158,872825628-X,Male,29.05.1970
郗,185-745-8332,1272597,007348070-3,Female,07.05.1988
应,342-707-1987,8526031,885864581-2,Female,04.08.1957
寇,387-690-7552,6075018,928072597-1,Female,28.07.1963
芮,560-670-4731,3204787,198216024-1,Female,10.11.1960
扈,695-877-6828,9930328,827242008-2,Male,22.02.1970
喻,508-571-1907,2384466,100989198-7,Female,12.01.1965
褚,917-750-7498,4771385,107364959-8,Male,09.07.1971
家,726-305-2444,5757754,881531907-7,Female,20.02.1972
耿,291-133-9128,8394771,174337320-1,Male,29.10.1992
潘,791-812-3126,3238317,084654304-4,Female,17.01.1967
於,853-564-6380,2306332,636583295-8,Female,19.04.1972
詹,186-217-5136,9889037,852274459-9,Female,02.02.1963
冯,732-448-2751,5221334,297151244-4,Male,06.03.1990
雍,304-487-5556,2123206,381477018-8,Female,26.07.1967
杭,117-160-0842,5175106,517632931-X,Female,08.04.1969
曾,496-344-2675,5208337,300246591-7,Male,16.09.1950
吴,976-678-1785,8847088,400293998-7,Female,03.04.1954
国,934-830-5950,8605626,926728655-2,Female,17.11.1971
湛,832-793-7046,2618152,097755313-2,Female,19.09.1961
贝,411-591-4319,1644039,453767390-7,Female,28.11.1989
籍,978-728-3205,8419399,022637219-7,Female,17.05.1961
党,726-160-1525,4526195,923489000-0,Male,12.06.1980
储,557-103-6556,1665679,120519328-6,Male,02.12.1990
益,987-432-0160,1063637,427574776-3,Female,29.05.1989
昌,120-371-5702,2464573,913032408-4,Female,05.12.1978
阳,843-982-6785,4470491,428340812-3,Male,20.01.1994
李,305-868-3344,3159526,494144555-4,Female,22.03.1966
鲍,795-827-6471,3681277,816976947-7,Female,24.12.1993
包,533-293-7705,1955238,856006916-X,Female,05.07.1978
丰,775-690-8741,6474068,526488238-X,Female,19.01.1995
狄,811-470-8223,6871682,344485734-9,Male,25.05.1990
勾,273-458-1729,5231028,496437517-X,Female,09.04.1994
常,602-392-8555,6973899,269043547-0,Female,23.12.1966
荣,837-738-7790,8361630,823451216-1,Female,25.11.1976
司,900-248-5526,1462988,910011828-1,Female,15.05.1960
包,626-130-5637,9643889,017815982-4,Female,28.01.1962
高,872-217-2028,1820431,157721176-6,Male,20.03.1953
凌,813-264-3657,9541868,853908162-8,Male,07.08.1975
陶,929-551-4784,8224929,862259758-X,Female,21.02.1992
敖,842-585-4533,7594682,422256824-4,Female,26.03.1972
罗,367-520-7715,4806826,873788977-X,Male,21.01.1987
平,410-395-2595,7216843,652442051-9,Male,10.08.1987
隆,213-394-9289,8002663,002064418-3,Male,19.12.1959
芮,988-611-3555,6894106,582830878-5,Female,05.01.1983
房,859-356-6319,6309202,405607392-9,Male,06.08.1966
乐,118-166-9290,9187013,149331525-0,Male,05.07.1963
籍,951-632-6914,8697115,755293162-0,Female,26.06.1973
满,263-660-6680,1796836,999479206-7,Female,14.02.1954
须,484-749-0945,6079088,176984444-9,Female,26.01.1991
蓝,557-287-5930,3139109,323180802-2,Female,25.03.1963
殳,113-357-3598,4054162,742516583-X,Male,14.03.1979
容,120-870-7072,7293638,903586007-1,Male,01.10.1991
米,715-483-1402,8520330,040427434-X,Male,30.07.1993
聂,729-890-4036,1162547,859911447-6,Female,01.04.1983
常,601-696-6485,5780891,695274716-8,Female,11.03.1983
路,606-646-3295,1447998,629059285-8,Male,11.08.1961
酆,567-252-3244,8234420,136125826-8,Male,18.10.1993
饶,385-717-8340,7746641,404487409-3,Female,25.04.1987
鲁,750-955-3201,1466719,984338770-8,Female,11.10.1990
闵,695-822-1308,1328804,320880423-7,Male,19.04.1964
施,466-455-2941,8611301,143255130-2,Male,10.03.1986
后,291-904-4154,5754622,832347935-6,Female,16.10.1981
吉,646-440-2210,5245932,820055120-2,Female,16.05.1961
章,169-685-5304,6007491,249510514-9,Female,20.01.1977
凤,498-248-4792,6028684,128975851-4,Male,24.03.1953
燕,502-562-4866,1356562,553004144-2,Male,03.05.1980
衡,323-893-7163,1962936,728683821-0,Female,11.05.1965
杨,745-339-6222,7267947,283057366-8,Male,10.11.1980
宿,640-497-6433,9945050,840228882-0,Female,13.09.1960
邓,606-890-4608,8948544,345192165-0,Male,28.06.1969
桓,450-503-7469,4346678,585699175-3,Male,22.11.1969
尚,215-622-5529,2419596,151623692-0,Female,09.04.1989
尹,970-502-2475,5955955,620648240-5,Male,13.12.1970
常,922-976-8476,9316592,591443334-7,Male,19.10.1991
山,356-618-0851,7809862,839934615-2,Male,06.12.1974
杨,650-541-4597,3511503,475422420-5,Female,12.07.1974
邢,610-843-8767,9272370,282136200-5,Male,19.04.1955
桑,778-732-2878,6639871,002670986-4,Female,01.01.1963
蔺,342-806-3643,6032910,675118296-1,Female,07.12.1963
麴,253-503-4131,6940751,000098718-2,Male,07.11.1977
沃,382-710-5824,9979312,328501191-2,Female,08.09.1991
郝,293-533-4144,3555612,552513227-3,Female,24.04.1992
鲁,426-844-2024,3557628,908287807-0,Female,12.07.1972
尤,535-710-2271,2371594,866454877-3,Male,07.07.1967
乜,771-569-4989,2560330,166437191-5,Female,08.03.1970
费,599-647-4228,2428839,169626695-5,Male,14.07.1969
历,850-209-1572,3403842,919101916-8,Male,29.09.1965
荀,445-335-6476,1814717,402023184-2,Male,23.10.1989
荀,322-550-2277,8817283,920362381-7,Male,12.04.1983
庄,849-220-1624,9241165,772030250-8,Female,06.11.1976
訾,377-803-7506,3318943,393821605-0,Male,19.04.1988
武,296-615-2191,7806266,283033344-6,Male,12.07.1971
訾,570-850-0296,6978647,594890933-6,Female,22.06.1988
白,600-358-2540,3493578,285173953-0,Male,24.05.1967
蓬,463-869-4367,4312146,507193427-2,Male,22.08.1981
古,711-351-3940,7358254,251540530-4,Female,10.08.1980
僪,352-265-0422,7611069,276311508-X,Female,04.01.1971
僪,962-460-5273,4614671,993377124-8,Female,18.07.1988
安,621-436-9985,2281474,557150600-8,Female,26.01.1970
郗,649-116-1204,3532022,570532121-X,Female,19.01.1976
纪,212-464-6533,6442862,685675540-6,Female,20.02.1975
